,input,output,original
0,hefoundaleprechauninhiswalnutshell,"['he', 'found', 'a', 'leprechaun', 'in', 'his', 'walnut', 'shell']",he found a leprechaun in his walnut shell
1,shetiltedherheadbackandletwhipcreamstreamintohermouthwhiletakingabath,"['she', 'tilted', 'her', 'head', 'back', 'and', 'let', 'whip', 'cream', 'stream', 'into', 'her', 'mouth', 'while', 'taking', 'a', 'bath']",she tilted her head back and let whip cream stream into her mouth while taking a bath
2,hefoundhisartneverprogressedwhenheliterallyusedhissweatandtears,"['he', 'found', 'his', 'art', 'never', 'progressed', 'when', 'he', 'literally', 'used', 'his', 'sweat', 'and', 'tears']",he found his art never progressed when he literally used his sweat and tears
3,theurgentcarecenterwasfloodedwithpatientsafterthenewsofanewdeadlyviruswasmadepublic,"['the', 'urgent', 'care', 'center', 'was', 'flooded', 'with', 'patients', 'after', 'the', 'news', 'of', 'a', 'new', 'deadly', 'virus', 'was', 'made', 'public']",the urgent care center was flooded with patients after the news of a new deadly virus was made public
4,hehadreachedthepointwherehewasparanoidaboutbeingparanoid,"['he', 'had', 'reached', 'the', 'point', 'where', 'he', 'was', 'paranoid', 'about', 'being', 'paranoid']",he had reached the point where he was paranoid about being paranoid
5,ioftenseethetimeoronclocks,"['i', 'often', 'see', 'the', 'time', 'or', 'on', 'clocks']",i often see the time  or  on clocks
6,warmbeeronacolddayisntmyideaoffun,"['warm', 'beer', 'on', 'a', 'cold', 'day', 'isnt', 'my', 'idea', 'of', 'fun']",warm beer on a cold day isnt my idea of fun
7,nowineedtopondermyexistenceandaskmyselfifimtrulyreal,"['now', 'i', 'need', 'to', 'ponder', 'my', 'existence', 'and', 'ask', 'myself', 'if', 'im', 'truly', 'real']",now i need to ponder my existence and ask myself if im truly real
8,hebarkedordersathisdaughtersbuttheyjuststaredbackwithamusement,"['he', 'barked', 'orders', 'at', 'his', 'daughters', 'but', 'they', 'just', 'stared', 'back', 'with', 'amusement']",he barked orders at his daughters but they just stared back with amusement
9,thewaveswerecrashingontheshoreitwasalovelysight,"['the', 'waves', 'were', 'crashing', 'on', 'the', 'shore', 'it', 'was', 'a', 'lovely', 'sight']",the waves were crashing on the shore it was a lovely sight
10,harroldfeltconfidentthatnobodywouldeversuspecthisspypigeon,"['harrold', 'felt', 'confident', 'that', 'nobody', 'would', 'ever', 'suspect', 'his', 'spy', 'pigeon']",harrold felt confident that nobody would ever suspect his spy pigeon
11,therearefewthingsbetterinlifethanasliceofpie,"['there', 'are', 'few', 'things', 'better', 'in', 'life', 'than', 'a', 'slice', 'of', 'pie']",there are few things better in life than a slice of pie
12,theskyisclearthestarsaretwinkling,"['the', 'sky', 'is', 'clear', 'the', 'stars', 'are', 'twinkling']",the sky is clear the stars are twinkling
13,atthatmomentsherealizedshehadasixthsense,"['at', 'that', 'moment', 'she', 'realized', 'she', 'had', 'a', 'sixth', 'sense']",at that moment she realized she had a sixth sense
14,sometimesyouhavetojustgiveupandwinbycheating,"['sometimes', 'you', 'have', 'to', 'just', 'give', 'up', 'and', 'win', 'by', 'cheating']",sometimes you have to just give up and win by cheating
15,hehatedthathelovedwhatshehatedabouthate,"['he', 'hated', 'that', 'he', 'loved', 'what', 'she', 'hated', 'about', 'hate']",he hated that he loved what she hated about hate
16,hewasthetypeofguywholikedchristmaslightsonhishouseinthemiddleofjuly,"['he', 'was', 'the', 'type', 'of', 'guy', 'who', 'liked', 'christmas', 'lights', 'on', 'his', 'house', 'in', 'the', 'middle', 'of', 'july']",he was the type of guy who liked christmas lights on his house in the middle of july
17,thethreeyearoldgirlrandownthebeachasthekiteflewbehindher,"['the', 'three', 'year', 'old', 'girl', 'ran', 'down', 'the', 'beach', 'as', 'the', 'kite', 'flew', 'behind', 'her']",the three year old girl ran down the beach as the kite flew behind her
18,iateasockbecausepeopleontheinternettoldmeto,"['i', 'ate', 'a', 'sock', 'because', 'people', 'on', 'the', 'internet', 'told', 'me', 'to']",i ate a sock because people on the internet told me to
19,thesunhadsetandsohadhisdreams,"['the', 'sun', 'had', 'set', 'and', 'so', 'had', 'his', 'dreams']",the sun had set and so had his dreams
20,sheinsistedthatcleaningoutyourclosetwasthekeytogooddriving,"['she', 'insisted', 'that', 'cleaning', 'out', 'your', 'closet', 'was', 'the', 'key', 'to', 'good', 'driving']",she insisted that cleaning out your closet was the key to good driving
21,hissonquippedthatpowerbarswerenothingmorethanadultcandybars,"['his', 'son', 'quipped', 'that', 'power', 'bars', 'were', 'nothing', 'more', 'than', 'adult', 'candy', 'bars']",his son quipped that power bars were nothing more than adult candy bars
22,itsdifficulttounderstandthelengthshedgotoremainshort,"['its', 'difficult', 'to', 'understand', 'the', 'lengths', 'hed', 'go', 'to', 'remain', 'short']",its difficult to understand the lengths hed go to remain short
23,theirargumentcouldbeheardacrosstheparkinglot,"['their', 'argument', 'could', 'be', 'heard', 'across', 'the', 'parking', 'lot']",their argument could be heard across the parking lot
24,theelephantdidntwanttotalkaboutthepersonintheroom,"['the', 'elephant', 'didnt', 'want', 'to', 'talk', 'about', 'the', 'person', 'in', 'the', 'room']",the elephant didnt want to talk about the person in the room
25,thisisajapanesedoll,"['this', 'is', 'a', 'japanese', 'doll']",this is a japanese doll
26,itwasatthatmomentthathelearnedtherearecertainpartsofthebodythatyoushouldnevernair,"['it', 'was', 'at', 'that', 'moment', 'that', 'he', 'learned', 'there', 'are', 'certain', 'parts', 'of', 'the', 'body', 'that', 'you', 'should', 'never', 'nair']",it was at that moment that he learned there are certain parts of the body that you should never nair
27,iwouldbedelightediftheseawerefullofcucumberjuice,"['i', 'would', 'be', 'delighted', 'if', 'the', 'sea', 'were', 'full', 'of', 'cucumber', 'juice']",i would be delighted if the sea were full of cucumber juice
28,shewasntsurewhethertobeimpressedorconcernedthathefoldedunderwearinneatlittlepackages,"['she', 'wasnt', 'sure', 'whether', 'to', 'be', 'impressed', 'or', 'concerned', 'that', 'he', 'folded', 'underwear', 'in', 'neat', 'little', 'packages']",she wasnt sure whether to be impressed or concerned that he folded underwear in neat little packages
29,itmustbefiveoclocksomewhere,"['it', 'must', 'be', 'five', 'oclock', 'somewhere']",it must be five oclock somewhere
30,behindthewindowwasareflectionthatonlyinstilledfear,"['behind', 'the', 'window', 'was', 'a', 'reflection', 'that', 'only', 'instilled', 'fear']",behind the window was a reflection that only instilled fear
31,itdidnttakelongforgarytodetecttherobberswereamateurs,"['it', 'didnt', 'take', 'long', 'for', 'gary', 'to', 'detect', 'the', 'robbers', 'were', 'amateurs']",it didnt take long for gary to detect the robbers were amateurs
32,hedreamedofeatinggreenappleswithworms,"['he', 'dreamed', 'of', 'eating', 'green', 'apples', 'with', 'worms']",he dreamed of eating green apples with worms
33,hewalkedintothebasementwiththehorrormoviefromthenightbeforeplayinginhishead,"['he', 'walked', 'into', 'the', 'basement', 'with', 'the', 'horror', 'movie', 'from', 'the', 'night', 'before', 'playing', 'in', 'his', 'head']",he walked into the basement with the horror movie from the night before playing in his head
34,itwasthefirsttimehehadeverseensomeonecookdinneronanelephant,"['it', 'was', 'the', 'first', 'time', 'he', 'had', 'ever', 'seen', 'someone', 'cook', 'dinner', 'on', 'an', 'elephant']",it was the first time he had ever seen someone cook dinner on an elephant
35,heendedupburninghisfingerspokingsomeoneelsesfire,"['he', 'ended', 'up', 'burning', 'his', 'fingers', 'poking', 'someone', 'elses', 'fire']",he ended up burning his fingers poking someone elses fire
36,dantookthedeepdivedowntherabbithole,"['dan', 'took', 'the', 'deep', 'dive', 'down', 'the', 'rabbit', 'hole']",dan took the deep dive down the rabbit hole
37,thedollspunaroundincirclesinhopesofcomingalive,"['the', 'doll', 'spun', 'around', 'in', 'circles', 'in', 'hopes', 'of', 'coming', 'alive']",the doll spun around in circles in hopes of coming alive
38,theywanderedintoastrangetikibarontheedgeofthesmallbeachtown,"['they', 'wandered', 'into', 'a', 'strange', 'tiki', 'bar', 'on', 'the', 'edge', 'of', 'the', 'small', 'beach', 'town']",they wandered into a strange tiki bar on the edge of the small beach town
39,theydidnothingastheraccoonattackedtheladysbagoffood,"['they', 'did', 'nothing', 'as', 'the', 'raccoon', 'attacked', 'the', 'ladys', 'bag', 'of', 'food']",they did nothing as the raccoon attacked the ladys bag of food
40,theneardeathexperiencebroughtnewideastolight,"['the', 'near', 'death', 'experience', 'brought', 'new', 'ideas', 'to', 'light']",the near death experience brought new ideas to light
41,thegoldenretrieverlovedthefireworkseachfourthofjuly,"['the', 'golden', 'retriever', 'loved', 'the', 'fireworks', 'each', 'fourth', 'of', 'july']",the golden retriever loved the fireworks each fourth of july
42,thetourbuswaspackedwithteenagegirlsheadingtowardtheirnextadventure,"['the', 'tour', 'bus', 'was', 'packed', 'with', 'teenage', 'girls', 'heading', 'toward', 'their', 'next', 'adventure']",the tour bus was packed with teenage girls heading toward their next adventure
43,hedranklifebeforespittingitout,"['he', 'drank', 'life', 'before', 'spitting', 'it', 'out']",he drank life before spitting it out
44,shecrieddiamonds,"['she', 'cried', 'diamonds']",she cried diamonds
45,therainpeltedthewindshieldasthedarknessengulfedus,"['the', 'rain', 'pelted', 'the', 'windshield', 'as', 'the', 'darkness', 'engulfed', 'us']",the rain pelted the windshield as the darkness engulfed us
46,aquiethouseisniceuntilyouareorderedtostayinitformonths,"['a', 'quiet', 'house', 'is', 'nice', 'until', 'you', 'are', 'ordered', 'to', 'stay', 'in', 'it', 'for', 'months']",a quiet house is nice until you are ordered to stay in it for months
47,thisbookissuretoliquefyyourbrain,"['this', 'book', 'is', 'sure', 'to', 'liquefy', 'your', 'brain']",this book is sure to liquefy your brain
48,shecouldntdecideoftheglasswashalfemptyorhalffullsoshedrankit,"['she', 'couldnt', 'decide', 'of', 'the', 'glass', 'was', 'half', 'empty', 'or', 'half', 'full', 'so', 'she', 'drank', 'it']",she couldnt decide of the glass was half empty or half full so she drank it
49,tomgotasmallpieceofpie,"['tom', 'got', 'a', 'small', 'piece', 'of', 'pie']",tom got a small piece of pie
50,iliketoleaveworkaftermyeighthourteabreak,"['i', 'like', 'to', 'leave', 'work', 'after', 'my', 'eight', 'hour', 'tea', 'break']",i like to leave work after my eight hour tea break
51,thedollspunaroundincirclesinhopesofcomingalive,"['the', 'doll', 'spun', 'around', 'in', 'circles', 'in', 'hopes', 'of', 'coming', 'alive']",the doll spun around in circles in hopes of coming alive
52,thehandsanitizerwasactuallyclearglue,"['the', 'hand', 'sanitizer', 'was', 'actually', 'clear', 'glue']",the hand sanitizer was actually clear glue
53,hefiguredafewsticksofdynamitewereeasierthanafishingpoletocatchfish,"['he', 'figured', 'a', 'few', 'sticks', 'of', 'dynamite', 'were', 'easier', 'than', 'a', 'fishing', 'pole', 'to', 'catch', 'fish']",he figured a few sticks of dynamite were easier than a fishing pole to catch fish
54,heexcelledatfiringpeoplenicely,"['he', 'excelled', 'at', 'firing', 'people', 'nicely']",he excelled at firing people nicely
55,todayisthedayillfinallyknowwhatbricktasteslike,"['today', 'is', 'the', 'day', 'ill', 'finally', 'know', 'what', 'brick', 'tastes', 'like']",today is the day ill finally know what brick tastes like
56,thegoldenretrieverlovedthefireworkseachfourthofjuly,"['the', 'golden', 'retriever', 'loved', 'the', 'fireworks', 'each', 'fourth', 'of', 'july']",the golden retriever loved the fireworks each fourth of july
57,theirargumentcouldbeheardacrosstheparkinglot,"['their', 'argument', 'could', 'be', 'heard', 'across', 'the', 'parking', 'lot']",their argument could be heard across the parking lot
58,purpleisthebestcityintheforest,"['purple', 'is', 'the', 'best', 'city', 'in', 'the', 'forest']",purple is the best city in the forest
59,iammyauntssistersdaughter,"['i', 'am', 'my', 'aunts', 'sisters', 'daughter']",i am my aunts sisters daughter
60,nancywasproudthatsheranatightshipwreck,"['nancy', 'was', 'proud', 'that', 'she', 'ran', 'a', 'tight', 'shipwreck']",nancy was proud that she ran a tight shipwreck
61,hehaddecidedtoaccepthisfateofacceptinghisfate,"['he', 'had', 'decided', 'to', 'accept', 'his', 'fate', 'of', 'accepting', 'his', 'fate']",he had decided to accept his fate of accepting his fate
62,thethreeyearoldgirlrandownthebeachasthekiteflewbehindher,"['the', 'three', 'year', 'old', 'girl', 'ran', 'down', 'the', 'beach', 'as', 'the', 'kite', 'flew', 'behind', 'her']",the three year old girl ran down the beach as the kite flew behind her
63,wisdomiseasilyacquiredwhenhidingunderthebedwithasaucepanonyourhead,"['wisdom', 'is', 'easily', 'acquired', 'when', 'hiding', 'under', 'the', 'bed', 'with', 'a', 'saucepan', 'on', 'your', 'head']",wisdom is easily acquired when hiding under the bed with a saucepan on your head
64,edithcoulddecideifsheshouldpaintherteethorbrushhernails,"['edith', 'could', 'decide', 'if', 'she', 'should', 'paint', 'her', 'teeth', 'or', 'brush', 'her', 'nails']",edith could decide if she should paint her teeth or brush her nails
65,shedidahappydancebecauseallofthesocksfromthedryermatched,"['she', 'did', 'a', 'happy', 'dance', 'because', 'all', 'of', 'the', 'socks', 'from', 'the', 'dryer', 'matched']",she did a happy dance because all of the socks from the dryer matched
66,wehaveyoungkidswhooftenwalkintoourroomatnightforvariousreasonsincludingclownsinthecloset,"['we', 'have', 'young', 'kids', 'who', 'often', 'walk', 'into', 'our', 'room', 'at', 'night', 'for', 'various', 'reasons', 'including', 'clowns', 'in', 'the', 'closet']",we have young kids who often walk into our room at night for various reasons including clowns in the closet
67,shefoldedherhandkerchiefneatly,"['she', 'folded', 'her', 'handkerchief', 'neatly']",she folded her handkerchief neatly
68,sheusedherownhairinthesouptogiveitmoreflavor,"['she', 'used', 'her', 'own', 'hair', 'in', 'the', 'soup', 'to', 'give', 'it', 'more', 'flavor']",she used her own hair in the soup to give it more flavor
69,yourgirlfriendboughtyourfavoritecookiecrispcerealbutforgottogetmilk,"['your', 'girlfriend', 'bought', 'your', 'favorite', 'cookie', 'crisp', 'cereal', 'but', 'forgot', 'to', 'get', 'milk']",your girlfriend bought your favorite cookie crisp cereal but forgot to get milk
70,itwasthefirsttimehehadeverseensomeonecookdinneronanelephant,"['it', 'was', 'the', 'first', 'time', 'he', 'had', 'ever', 'seen', 'someone', 'cook', 'dinner', 'on', 'an', 'elephant']",it was the first time he had ever seen someone cook dinner on an elephant
71,nothingseemedoutofplaceexceptthewashingmachineinthebar,"['nothing', 'seemed', 'out', 'of', 'place', 'except', 'the', 'washing', 'machine', 'in', 'the', 'bar']",nothing seemed out of place except the washing machine in the bar
72,theneardeathexperiencebroughtnewideastolight,"['the', 'near', 'death', 'experience', 'brought', 'new', 'ideas', 'to', 'light']",the near death experience brought new ideas to light
73,jennymadetheannouncementthatherbabywasanalien,"['jenny', 'made', 'the', 'announcement', 'that', 'her', 'baby', 'was', 'an', 'alien']",jenny made the announcement that her baby was an alien
74,itmustbefiveoclocksomewhere,"['it', 'must', 'be', 'five', 'oclock', 'somewhere']",it must be five oclock somewhere
75,thesignsaidtherewasroadworkaheadsohedecidedtospeedup,"['the', 'sign', 'said', 'there', 'was', 'road', 'work', 'ahead', 'so', 'he', 'decided', 'to', 'speed', 'up']",the sign said there was road work ahead so he decided to speed up
76,hefoundhisartneverprogressedwhenheliterallyusedhissweatandtears,"['he', 'found', 'his', 'art', 'never', 'progressed', 'when', 'he', 'literally', 'used', 'his', 'sweat', 'and', 'tears']",he found his art never progressed when he literally used his sweat and tears
77,thetortoisejumpedintothelakewithdreamsofbecomingaseaturtle,"['the', 'tortoise', 'jumped', 'into', 'the', 'lake', 'with', 'dreams', 'of', 'becoming', 'a', 'sea', 'turtle']",the tortoise jumped into the lake with dreams of becoming a sea turtle
78,thelakeisalongwayfromhere,"['the', 'lake', 'is', 'a', 'long', 'way', 'from', 'here']",the lake is a long way from here
79,rockmusicapproachesathighvelocity,"['rock', 'music', 'approaches', 'at', 'high', 'velocity']",rock music approaches at high velocity
80,thebeesdecidedtohaveamutinyagainsttheirqueen,"['the', 'bees', 'decided', 'to', 'have', 'a', 'mutiny', 'against', 'their', 'queen']",the bees decided to have a mutiny against their queen
81,nobodyhasencounteredanexplosivedaisyandlivedtotellthetale,"['nobody', 'has', 'encountered', 'an', 'explosive', 'daisy', 'and', 'lived', 'to', 'tell', 'the', 'tale']",nobody has encountered an explosive daisy and lived to tell the tale
82,lightningparadisewasthelocalhangoutjointwherethegroupusuallyendedupspendingthenight,"['lightning', 'paradise', 'was', 'the', 'local', 'hangout', 'joint', 'where', 'the', 'group', 'usually', 'ended', 'up', 'spending', 'the', 'night']",lightning paradise was the local hangout joint where the group usually ended up spending the night
83,therearentenoughtowelsintheworldtostopthesewageflowingfromhismouth,"['there', 'arent', 'enough', 'towels', 'in', 'the', 'world', 'to', 'stop', 'the', 'sewage', 'flowing', 'from', 'his', 'mouth']",there arent enough towels in the world to stop the sewage flowing from his mouth
84,thesnowcoveredpathwasnohelpinfindinghiswayoutofthebackcountry,"['the', 'snow', 'covered', 'path', 'was', 'no', 'help', 'in', 'finding', 'his', 'way', 'out', 'of', 'the', 'back', 'country']",the snow covered path was no help in finding his way out of the back country
85,thedoorswungopentorevealpinkgiraffesandredelephants,"['the', 'door', 'swung', 'open', 'to', 'reveal', 'pink', 'giraffes', 'and', 'red', 'elephants']",the door swung open to reveal pink giraffes and red elephants
86,happinesscanbefoundinthedepthsofchocolatepudding,"['happiness', 'can', 'be', 'found', 'in', 'the', 'depths', 'of', 'chocolate', 'pudding']",happiness can be found in the depths of chocolate pudding
87,thereisnobetterfeelingthanstaringatawallwithclosedeyes,"['there', 'is', 'no', 'better', 'feeling', 'than', 'staring', 'at', 'a', 'wall', 'with', 'closed', 'eyes']",there is no better feeling than staring at a wall with closed eyes
88,shelivedonmonkeyjungleroadandthatseemedtoexplainallofherstrangeness,"['she', 'lived', 'on', 'monkey', 'jungle', 'road', 'and', 'that', 'seemed', 'to', 'explain', 'all', 'of', 'her', 'strangeness']",she lived on monkey jungle road and that seemed to explain all of her strangeness
89,thatwashowhecametowinmillion,"['that', 'was', 'how', 'he', 'came', 'to', 'win', 'million']",that was how he came to win  million
90,mallsaregreatplacestoshopicanfindeverythingineedunderoneroof,"['malls', 'are', 'great', 'places', 'to', 'shop', 'i', 'can', 'find', 'everything', 'i', 'need', 'under', 'one', 'roof']",malls are great places to shop i can find everything i need under one roof
91,thebodypiercingdidntgoexactlyasheexpected,"['the', 'body', 'piercing', 'didnt', 'go', 'exactly', 'as', 'he', 'expected']",the body piercing didnt go exactly as he expected
92,twomoredaysandallhisproblemswouldbesolved,"['two', 'more', 'days', 'and', 'all', 'his', 'problems', 'would', 'be', 'solved']",two more days and all his problems would be solved
93,ilikedtheirfirsttwoalbumsbutchangedmymindafterthatcharitygig,"['i', 'liked', 'their', 'first', 'two', 'albums', 'but', 'changed', 'my', 'mind', 'after', 'that', 'charity', 'gig']",i liked their first two albums but changed my mind after that charity gig
94,theneardeathexperiencebroughtnewideastolight,"['the', 'near', 'death', 'experience', 'brought', 'new', 'ideas', 'to', 'light']",the near death experience brought new ideas to light
95,eventhoughhethoughttheworldwasflathedidntseetheironyofwantingtotravelaroundtheworld,"['even', 'though', 'he', 'thought', 'the', 'world', 'was', 'flat', 'he', 'didnt', 'see', 'the', 'irony', 'of', 'wanting', 'to', 'travel', 'around', 'the', 'world']",even though he thought the world was flat he didnt see the irony of wanting to travel around the world
96,pinkhorsesgallopedacrossthesea,"['pink', 'horses', 'galloped', 'across', 'the', 'sea']",pink horses galloped across the sea
97,hewaitedforthestopsigntoturntoagosign,"['he', 'waited', 'for', 'the', 'stop', 'sign', 'to', 'turn', 'to', 'a', 'go', 'sign']",he waited for the stop sign to turn to a go sign
98,itdidnttakelongforgarytodetecttherobberswereamateurs,"['it', 'didnt', 'take', 'long', 'for', 'gary', 'to', 'detect', 'the', 'robbers', 'were', 'amateurs']",it didnt take long for gary to detect the robbers were amateurs
99,wisdomiseasilyacquiredwhenhidingunderthebedwithasaucepanonyourhead,"['wisdom', 'is', 'easily', 'acquired', 'when', 'hiding', 'under', 'the', 'bed', 'with', 'a', 'saucepan', 'on', 'your', 'head']",wisdom is easily acquired when hiding under the bed with a saucepan on your head
100,thesunhadsetandsohadhisdreams,"['the', 'sun', 'had', 'set', 'and', 'so', 'had', 'his', 'dreams']",the sun had set and so had his dreams
101,jeannewishedshehaschosentheredbutton,"['jeanne', 'wished', 'she', 'has', 'chosen', 'the', 'red', 'button']",jeanne wished she has chosen the red button
102,hedranklifebeforespittingitout,"['he', 'drank', 'life', 'before', 'spitting', 'it', 'out']",he drank life before spitting it out
103,imalivingfurnace,"['im', 'a', 'living', 'furnace']",im a living furnace
104,thememoryweusedtoshareisnolongercoherent,"['the', 'memory', 'we', 'used', 'to', 'share', 'is', 'no', 'longer', 'coherent']",the memory we used to share is no longer coherent
105,pleasewaitoutsideofthehouse,"['please', 'wait', 'outside', 'of', 'the', 'house']",please wait outside of the house
106,hesteppedgingerlyontothebridgeknowingthatenchantmentawaitedontheotherside,"['he', 'stepped', 'gingerly', 'onto', 'the', 'bridge', 'knowing', 'that', 'enchantment', 'awaited', 'on', 'the', 'other', 'side']",he stepped gingerly onto the bridge knowing that enchantment awaited on the other side
107,thebulletpiercedthewindowshatteringitbeforemissingdannysheadbymeremillimeters,"['the', 'bullet', 'pierced', 'the', 'window', 'shattering', 'it', 'before', 'missing', 'dannys', 'head', 'by', 'mere', 'millimeters']",the bullet pierced the window shattering it before missing dannys head by mere millimeters
108,itsaskateboardingpenguinwithasunhat,"['its', 'a', 'skateboarding', 'penguin', 'with', 'a', 'sunhat']",its a skateboarding penguin with a sunhat
109,swimatyourownriskwastakenasachallengeforthegroupofkansascitycollegestudents,"['swim', 'at', 'your', 'own', 'risk', 'was', 'taken', 'as', 'a', 'challenge', 'for', 'the', 'group', 'of', 'kansas', 'city', 'college', 'students']",swim at your own risk was taken as a challenge for the group of kansas city college students
110,helookedbehindthedooranddidntlikewhathesaw,"['he', 'looked', 'behind', 'the', 'door', 'and', 'didnt', 'like', 'what', 'he', 'saw']",he looked behind the door and didnt like what he saw
111,shewantedapetplatypusbutendedupgettingaduckandaferretinstead,"['she', 'wanted', 'a', 'pet', 'platypus', 'but', 'ended', 'up', 'getting', 'a', 'duck', 'and', 'a', 'ferret', 'instead']",she wanted a pet platypus but ended up getting a duck and a ferret instead
112,hismindwasblownthattherewasnothinginspaceexceptspaceitself,"['his', 'mind', 'was', 'blown', 'that', 'there', 'was', 'nothing', 'in', 'space', 'except', 'space', 'itself']",his mind was blown that there was nothing in space except space itself
113,hedecidedtolivehislifebythebigbeatsmanifesto,"['he', 'decided', 'to', 'live', 'his', 'life', 'by', 'the', 'big', 'beats', 'manifesto']",he decided to live his life by the big beats manifesto
114,itwasalwaysdangeroustodrivewithhimsinceheinsistedthesafetyconeswereaslalomcourse,"['it', 'was', 'always', 'dangerous', 'to', 'drive', 'with', 'him', 'since', 'he', 'insisted', 'the', 'safety', 'cones', 'were', 'a', 'slalom', 'course']",it was always dangerous to drive with him since he insisted the safety cones were a slalom course
115,itsnotpossibletoconvinceamonkeytogiveyouabananabypromisingitinfinitebananaswhentheydie,"['its', 'not', 'possible', 'to', 'convince', 'a', 'monkey', 'to', 'give', 'you', 'a', 'banana', 'by', 'promising', 'it', 'infinite', 'bananas', 'when', 'they', 'die']",its not possible to convince a monkey to give you a banana by promising it infinite bananas when they die
116,solongandthanksforthefish,"['so', 'long', 'and', 'thanks', 'for', 'the', 'fish']",so long and thanks for the fish
117,youvebeeneyeingmealldayandwaitingforyourmovelikealionstalkingagazelleinasavannah,"['youve', 'been', 'eyeing', 'me', 'all', 'day', 'and', 'waiting', 'for', 'your', 'move', 'like', 'a', 'lion', 'stalking', 'a', 'gazelle', 'in', 'a', 'savannah']",youve been eyeing me all day and waiting for your move like a lion stalking a gazelle in a savannah
118,hedidntunderstandwhythebirdwantedtoridethebicycle,"['he', 'didnt', 'understand', 'why', 'the', 'bird', 'wanted', 'to', 'ride', 'the', 'bicycle']",he didnt understand why the bird wanted to ride the bicycle
119,hefiguredafewsticksofdynamitewereeasierthanafishingpoletocatchfish,"['he', 'figured', 'a', 'few', 'sticks', 'of', 'dynamite', 'were', 'easier', 'than', 'a', 'fishing', 'pole', 'to', 'catch', 'fish']",he figured a few sticks of dynamite were easier than a fishing pole to catch fish
120,thewaveswerecrashingontheshoreitwasalovelysight,"['the', 'waves', 'were', 'crashing', 'on', 'the', 'shore', 'it', 'was', 'a', 'lovely', 'sight']",the waves were crashing on the shore it was a lovely sight
121,poisonivygrewthroughthefencetheysaidwasimpenetrable,"['poison', 'ivy', 'grew', 'through', 'the', 'fence', 'they', 'said', 'was', 'impenetrable']",poison ivy grew through the fence they said was impenetrable
122,checkbacktomorrowiwillseeifthebookhasarrived,"['check', 'back', 'tomorrow', 'i', 'will', 'see', 'if', 'the', 'book', 'has', 'arrived']",check back tomorrow i will see if the book has arrived
123,hesworehejustsawhissushimove,"['he', 'swore', 'he', 'just', 'saw', 'his', 'sushi', 'move']",he swore he just saw his sushi move
124,heknewitwasgoingtobeabaddaywhenhesawmountainlionsroamingthestreets,"['he', 'knew', 'it', 'was', 'going', 'to', 'be', 'a', 'bad', 'day', 'when', 'he', 'saw', 'mountain', 'lions', 'roaming', 'the', 'streets']",he knew it was going to be a bad day when he saw mountain lions roaming the streets
125,therecanneverbetoomanycherriesonanicecreamsundae,"['there', 'can', 'never', 'be', 'too', 'many', 'cherries', 'on', 'an', 'ice', 'cream', 'sundae']",there can never be too many cherries on an ice cream sundae
126,becarefulwiththatbutterknife,"['be', 'careful', 'with', 'that', 'butter', 'knife']",be careful with that butter knife
127,iguanaswerefallingoutofthetrees,"['iguanas', 'were', 'falling', 'out', 'of', 'the', 'trees']",iguanas were falling out of the trees
128,theantsenjoyedthebarbecuemorethanthefamily,"['the', 'ants', 'enjoyed', 'the', 'barbecue', 'more', 'than', 'the', 'family']",the ants enjoyed the barbecue more than the family
129,thebodypiercingdidntgoexactlyasheexpected,"['the', 'body', 'piercing', 'didnt', 'go', 'exactly', 'as', 'he', 'expected']",the body piercing didnt go exactly as he expected
130,hewassurprisedthathisimmenselazinesswasinspirationaltoothers,"['he', 'was', 'surprised', 'that', 'his', 'immense', 'laziness', 'was', 'inspirational', 'to', 'others']",he was surprised that his immense laziness was inspirational to others
131,fleshcoloredyogapantswerefarworsethanevenhefeared,"['flesh', 'colored', 'yoga', 'pants', 'were', 'far', 'worse', 'than', 'even', 'he', 'feared']",flesh colored yoga pants were far worse than even he feared
132,hedranklifebeforespittingitout,"['he', 'drank', 'life', 'before', 'spitting', 'it', 'out']",he drank life before spitting it out
133,shewasdisgustedhecouldnttellthedifferencebetweenlemonadeandlimeade,"['she', 'was', 'disgusted', 'he', 'couldnt', 'tell', 'the', 'difference', 'between', 'lemonade', 'and', 'limeade']",she was disgusted he couldnt tell the difference between lemonade and limeade
134,thetoybroughtbackfondmemoriesofbeinglostintherainforest,"['the', 'toy', 'brought', 'back', 'fond', 'memories', 'of', 'being', 'lost', 'in', 'the', 'rain', 'forest']",the toy brought back fond memories of being lost in the rain forest
135,thememoryweusedtoshareisnolongercoherent,"['the', 'memory', 'we', 'used', 'to', 'share', 'is', 'no', 'longer', 'coherent']",the memory we used to share is no longer coherent
136,thegreatdanelookedmorelikeahorsethanadog,"['the', 'great', 'dane', 'looked', 'more', 'like', 'a', 'horse', 'than', 'a', 'dog']",the great dane looked more like a horse than a dog
137,thethickfoliageandintertwinedvinesmadethehikenearlyimpossible,"['the', 'thick', 'foliage', 'and', 'intertwined', 'vines', 'made', 'the', 'hike', 'nearly', 'impossible']",the thick foliage and intertwined vines made the hike nearly impossible
138,thisisajapanesedoll,"['this', 'is', 'a', 'japanese', 'doll']",this is a japanese doll
139,thebestkeylimepieisstillupfordebate,"['the', 'best', 'key', 'lime', 'pie', 'is', 'still', 'up', 'for', 'debate']",the best key lime pie is still up for debate
140,helookedbehindthedooranddidntlikewhathesaw,"['he', 'looked', 'behind', 'the', 'door', 'and', 'didnt', 'like', 'what', 'he', 'saw']",he looked behind the door and didnt like what he saw
141,icoveredmyfriendinbabyoil,"['i', 'covered', 'my', 'friend', 'in', 'baby', 'oil']",i covered my friend in baby oil
142,hepouredrocksinthedungeonofhismind,"['he', 'poured', 'rocks', 'in', 'the', 'dungeon', 'of', 'his', 'mind']",he poured rocks in the dungeon of his mind
143,theopportunityofalifetimepassedbeforehimashetriedtodecidebetweenaconeoracup,"['the', 'opportunity', 'of', 'a', 'lifetime', 'passed', 'before', 'him', 'as', 'he', 'tried', 'to', 'decide', 'between', 'a', 'cone', 'or', 'a', 'cup']",the opportunity of a lifetime passed before him as he tried to decide between a cone or a cup
144,courageandstupiditywereallhehad,"['courage', 'and', 'stupidity', 'were', 'all', 'he', 'had']",courage and stupidity were all he had
145,histhoughtprocesswasonsomanylevelsthathegavehimselfaphobiaofheights,"['his', 'thought', 'process', 'was', 'on', 'so', 'many', 'levels', 'that', 'he', 'gave', 'himself', 'a', 'phobia', 'of', 'heights']",his thought process was on so many levels that he gave himself a phobia of heights
146,itwasareallygoodmondayforbeingasaturday,"['it', 'was', 'a', 'really', 'good', 'monday', 'for', 'being', 'a', 'saturday']",it was a really good monday for being a saturday
147,shehadahabitoftakingshowersinlemonade,"['she', 'had', 'a', 'habit', 'of', 'taking', 'showers', 'in', 'lemonade']",she had a habit of taking showers in lemonade
148,ittookhimamonthtofinishthemeal,"['it', 'took', 'him', 'a', 'month', 'to', 'finish', 'the', 'meal']",it took him a month to finish the meal
149,thefishlistenedintentlytowhatthefrogshadtosay,"['the', 'fish', 'listened', 'intently', 'to', 'what', 'the', 'frogs', 'had', 'to', 'say']",the fish listened intently to what the frogs had to say
150,themurderhornetwasdisappointedbythepreconceivedideaspeoplehadofhim,"['the', 'murder', 'hornet', 'was', 'disappointed', 'by', 'the', 'preconceived', 'ideas', 'people', 'had', 'of', 'him']",the murder hornet was disappointed by the preconceived ideas people had of him
151,nowineedtopondermyexistenceandaskmyselfifimtrulyreal,"['now', 'i', 'need', 'to', 'ponder', 'my', 'existence', 'and', 'ask', 'myself', 'if', 'im', 'truly', 'real']",now i need to ponder my existence and ask myself if im truly real
152,tuesdaysarefreeifyoubringagnomecostume,"['tuesdays', 'are', 'free', 'if', 'you', 'bring', 'a', 'gnome', 'costume']",tuesdays are free if you bring a gnome costume
153,cursivewritingisthebestwaytobuildaracetrack,"['cursive', 'writing', 'is', 'the', 'best', 'way', 'to', 'build', 'a', 'race', 'track']",cursive writing is the best way to build a race track
154,iamneverathomeonsundays,"['i', 'am', 'never', 'at', 'home', 'on', 'sundays']",i am never at home on sundays
155,theglovesprotectmyfeetfromexcesswork,"['the', 'gloves', 'protect', 'my', 'feet', 'from', 'excess', 'work']",the gloves protect my feet from excess work
156,maryplaysthepiano,"['mary', 'plays', 'the', 'piano']",mary plays the piano
157,itturnsoutyoudontneedallthatstuffyouinsistedyoudid,"['it', 'turns', 'out', 'you', 'dont', 'need', 'all', 'that', 'stuff', 'you', 'insisted', 'you', 'did']",it turns out you dont need all that stuff you insisted you did
158,hewaswillingtofindthedepthsoftherabbitholeinordertobewithher,"['he', 'was', 'willing', 'to', 'find', 'the', 'depths', 'of', 'the', 'rabbit', 'hole', 'in', 'order', 'to', 'be', 'with', 'her']",he was willing to find the depths of the rabbit hole in order to be with her
159,theylookedupattheskyandsawamillionstars,"['they', 'looked', 'up', 'at', 'the', 'sky', 'and', 'saw', 'a', 'million', 'stars']",they looked up at the sky and saw a million stars
160,thenewlyplantedtreeswereheldupbywoodenframesinhopestheycouldsurvivethenextstorm,"['the', 'newly', 'planted', 'trees', 'were', 'held', 'up', 'by', 'wooden', 'frames', 'in', 'hopes', 'they', 'could', 'survive', 'the', 'next', 'storm']",the newly planted trees were held up by wooden frames in hopes they could survive the next storm
161,pantyhoseandheelsareaninterestingchoiceofattireforthebeach,"['pantyhose', 'and', 'heels', 'are', 'an', 'interesting', 'choice', 'of', 'attire', 'for', 'the', 'beach']",pantyhose and heels are an interesting choice of attire for the beach
162,hewasdisappointedwhenhefoundthebeachtobesosandyandthesunsosunny,"['he', 'was', 'disappointed', 'when', 'he', 'found', 'the', 'beach', 'to', 'be', 'so', 'sandy', 'and', 'the', 'sun', 'so', 'sunny']",he was disappointed when he found the beach to be so sandy and the sun so sunny
163,everyonewascuriousaboutthelargewhiteblimpthatappearedovernight,"['everyone', 'was', 'curious', 'about', 'the', 'large', 'white', 'blimp', 'that', 'appeared', 'overnight']",everyone was curious about the large white blimp that appeared overnight
164,toomanyprisonshavebecomeearlycoffins,"['too', 'many', 'prisons', 'have', 'become', 'early', 'coffins']",too many prisons have become early coffins
165,plansforthisweekendincludeturningwineintowater,"['plans', 'for', 'this', 'weekend', 'include', 'turning', 'wine', 'into', 'water']",plans for this weekend include turning wine into water
166,hewassittinginatrashcanwithhighstreetclass,"['he', 'was', 'sitting', 'in', 'a', 'trash', 'can', 'with', 'high', 'street', 'class']",he was sitting in a trash can with high street class
167,everybodyshouldreadchaucertoimprovetheireverydayvocabulary,"['everybody', 'should', 'read', 'chaucer', 'to', 'improve', 'their', 'everyday', 'vocabulary']",everybody should read chaucer to improve their everyday vocabulary
168,happinesscanbefoundinthedepthsofchocolatepudding,"['happiness', 'can', 'be', 'found', 'in', 'the', 'depths', 'of', 'chocolate', 'pudding']",happiness can be found in the depths of chocolate pudding
169,luciferwassurprisedattheamountoflifeatdeathvalley,"['lucifer', 'was', 'surprised', 'at', 'the', 'amount', 'of', 'life', 'at', 'death', 'valley']",lucifer was surprised at the amount of life at death valley
170,hequietlyenteredthemuseumasthesuperbowlstarted,"['he', 'quietly', 'entered', 'the', 'museum', 'as', 'the', 'super', 'bowl', 'started']",he quietly entered the museum as the super bowl started
171,helearnedtheimportantlessonthatapicnicatthebeachonawindydayisabadidea,"['he', 'learned', 'the', 'important', 'lesson', 'that', 'a', 'picnic', 'at', 'the', 'beach', 'on', 'a', 'windy', 'day', 'is', 'a', 'bad', 'idea']",he learned the important lesson that a picnic at the beach on a windy day is a bad idea
172,fluffypinkunicornsareapopularstatussymbolamongmachomen,"['fluffy', 'pink', 'unicorns', 'are', 'a', 'popular', 'status', 'symbol', 'among', 'macho', 'men']",fluffy pink unicorns are a popular status symbol among macho men
173,dontsteponthebrokenglass,"['dont', 'step', 'on', 'the', 'broken', 'glass']",dont step on the broken glass
174,joemadethesugarcookiessusandecoratedthem,"['joe', 'made', 'the', 'sugar', 'cookies', 'susan', 'decorated', 'them']",joe made the sugar cookies susan decorated them
175,sheborrowedthebookfromhimmanyyearsagoandhasntyetreturnedit,"['she', 'borrowed', 'the', 'book', 'from', 'him', 'many', 'years', 'ago', 'and', 'hasnt', 'yet', 'returned', 'it']",she borrowed the book from him many years ago and hasnt yet returned it
176,shedidahappydancebecauseallofthesocksfromthedryermatched,"['she', 'did', 'a', 'happy', 'dance', 'because', 'all', 'of', 'the', 'socks', 'from', 'the', 'dryer', 'matched']",she did a happy dance because all of the socks from the dryer matched
177,hecoloreddeepspaceasoftyellow,"['he', 'colored', 'deep', 'space', 'a', 'soft', 'yellow']",he colored deep space a soft yellow
178,thatwashowhecametowinmillion,"['that', 'was', 'how', 'he', 'came', 'to', 'win', 'million']",that was how he came to win  million
179,heusesonomatopoeiaasaweaponofmentaldestruction,"['he', 'uses', 'onomatopoeia', 'as', 'a', 'weapon', 'of', 'mental', 'destruction']",he uses onomatopoeia as a weapon of mental destruction
180,heknewitwasgoingtobeabaddaywhenhesawmountainlionsroamingthestreets,"['he', 'knew', 'it', 'was', 'going', 'to', 'be', 'a', 'bad', 'day', 'when', 'he', 'saw', 'mountain', 'lions', 'roaming', 'the', 'streets']",he knew it was going to be a bad day when he saw mountain lions roaming the streets
181,thegreenteaandavocadosmoothieturnedoutexactlyaswouldbeexpected,"['the', 'green', 'tea', 'and', 'avocado', 'smoothie', 'turned', 'out', 'exactly', 'as', 'would', 'be', 'expected']",the green tea and avocado smoothie turned out exactly as would be expected
182,hedecidedtocountallthesandonthebeachasahobby,"['he', 'decided', 'to', 'count', 'all', 'the', 'sand', 'on', 'the', 'beach', 'as', 'a', 'hobby']",he decided to count all the sand on the beach as a hobby
183,ofisthesameasofandoneofthemismucheasiertodoinyourhead,"['of', 'is', 'the', 'same', 'as', 'of', 'and', 'one', 'of', 'them', 'is', 'much', 'easier', 'to', 'do', 'in', 'your', 'head']", of  is the same as  of  and one of them is much easier to do in your head
184,theguineafowlfliesthroughtheairwithallthegraceofaturtle,"['the', 'guinea', 'fowl', 'flies', 'through', 'the', 'air', 'with', 'all', 'the', 'grace', 'of', 'a', 'turtle']",the guinea fowl flies through the air with all the grace of a turtle
185,babywipesaremadeofchocolatestardust,"['baby', 'wipes', 'are', 'made', 'of', 'chocolate', 'stardust']",baby wipes are made of chocolate stardust
186,hissonquippedthatpowerbarswerenothingmorethanadultcandybars,"['his', 'son', 'quipped', 'that', 'power', 'bars', 'were', 'nothing', 'more', 'than', 'adult', 'candy', 'bars']",his son quipped that power bars were nothing more than adult candy bars
187,wehaveyoungkidswhooftenwalkintoourroomatnightforvariousreasonsincludingclownsinthecloset,"['we', 'have', 'young', 'kids', 'who', 'often', 'walk', 'into', 'our', 'room', 'at', 'night', 'for', 'various', 'reasons', 'including', 'clowns', 'in', 'the', 'closet']",we have young kids who often walk into our room at night for various reasons including clowns in the closet
188,itwasalwaysdangeroustodrivewithhimsinceheinsistedthesafetyconeswereaslalomcourse,"['it', 'was', 'always', 'dangerous', 'to', 'drive', 'with', 'him', 'since', 'he', 'insisted', 'the', 'safety', 'cones', 'were', 'a', 'slalom', 'course']",it was always dangerous to drive with him since he insisted the safety cones were a slalom course
189,doloreswouldnthaveeatenthemealifshehadknownwhatitactuallywas,"['dolores', 'wouldnt', 'have', 'eaten', 'the', 'meal', 'if', 'she', 'had', 'known', 'what', 'it', 'actually', 'was']",dolores wouldnt have eaten the meal if she had known what it actually was
190,itwasatthatmomentthathelearnedtherearecertainpartsofthebodythatyoushouldnevernair,"['it', 'was', 'at', 'that', 'moment', 'that', 'he', 'learned', 'there', 'are', 'certain', 'parts', 'of', 'the', 'body', 'that', 'you', 'should', 'never', 'nair']",it was at that moment that he learned there are certain parts of the body that you should never nair
191,wheniwaslittleihadacardoorslammedshutonmyhandandistillrememberitquitevividly,"['when', 'i', 'was', 'little', 'i', 'had', 'a', 'car', 'door', 'slammed', 'shut', 'on', 'my', 'hand', 'and', 'i', 'still', 'remember', 'it', 'quite', 'vividly']",when i was little i had a car door slammed shut on my hand and i still remember it quite vividly
192,thisisajapanesedoll,"['this', 'is', 'a', 'japanese', 'doll']",this is a japanese doll
193,histhoughtprocesswasonsomanylevelsthathegavehimselfaphobiaofheights,"['his', 'thought', 'process', 'was', 'on', 'so', 'many', 'levels', 'that', 'he', 'gave', 'himself', 'a', 'phobia', 'of', 'heights']",his thought process was on so many levels that he gave himself a phobia of heights
194,hefoundaleprechauninhiswalnutshell,"['he', 'found', 'a', 'leprechaun', 'in', 'his', 'walnut', 'shell']",he found a leprechaun in his walnut shell
195,toomanyprisonshavebecomeearlycoffins,"['too', 'many', 'prisons', 'have', 'become', 'early', 'coffins']",too many prisons have become early coffins
196,hewassurethedevilcreatedredsparklyglitter,"['he', 'was', 'sure', 'the', 'devil', 'created', 'red', 'sparkly', 'glitter']",he was sure the devil created red sparkly glitter
197,nobodyquestionswhobuiltthepyramidsinmexico,"['nobody', 'questions', 'who', 'built', 'the', 'pyramids', 'in', 'mexico']",nobody questions who built the pyramids in mexico
198,marthacametotheconclusionthatshakeweightsareagreatgiftforanyoccasion,"['martha', 'came', 'to', 'the', 'conclusion', 'that', 'shake', 'weights', 'are', 'a', 'great', 'gift', 'for', 'any', 'occasion']",martha came to the conclusion that shake weights are a great gift for any occasion
199,asuitofarmorprovidesexcellentsunprotectiononhotdays,"['a', 'suit', 'of', 'armor', 'provides', 'excellent', 'sun', 'protection', 'on', 'hot', 'days']",a suit of armor provides excellent sun protection on hot days
200,therearentenoughtowelsintheworldtostopthesewageflowingfromhismouth,"['there', 'arent', 'enough', 'towels', 'in', 'the', 'world', 'to', 'stop', 'the', 'sewage', 'flowing', 'from', 'his', 'mouth']",there arent enough towels in the world to stop the sewage flowing from his mouth
201,nowineedtopondermyexistenceandaskmyselfifimtrulyreal,"['now', 'i', 'need', 'to', 'ponder', 'my', 'existence', 'and', 'ask', 'myself', 'if', 'im', 'truly', 'real']",now i need to ponder my existence and ask myself if im truly real
202,abstractionisoftenoneflooraboveyou,"['abstraction', 'is', 'often', 'one', 'floor', 'above', 'you']",abstraction is often one floor above you
203,sixtyfourcomesaskingforbread,"['sixty', 'four', 'comes', 'asking', 'for', 'bread']",sixty four comes asking for bread
204,asheenteredthechurchhecouldhearthesoftvoiceofsomeonewhisperingintoacellphone,"['as', 'he', 'entered', 'the', 'church', 'he', 'could', 'hear', 'the', 'soft', 'voice', 'of', 'someone', 'whispering', 'into', 'a', 'cell', 'phone']",as he entered the church he could hear the soft voice of someone whispering into a cell phone
205,aquiethouseisniceuntilyouareorderedtostayinitformonths,"['a', 'quiet', 'house', 'is', 'nice', 'until', 'you', 'are', 'ordered', 'to', 'stay', 'in', 'it', 'for', 'months']",a quiet house is nice until you are ordered to stay in it for months
206,youbiteupbecauseofyourlowerjaw,"['you', 'bite', 'up', 'because', 'of', 'your', 'lower', 'jaw']",you bite up because of your lower jaw
207,theefficiencywehaveatremovingtrashhasmadecreatingtrashmoreacceptable,"['the', 'efficiency', 'we', 'have', 'at', 'removing', 'trash', 'has', 'made', 'creating', 'trash', 'more', 'acceptable']",the efficiency we have at removing trash has made creating trash more acceptable
208,swimatyourownriskwastakenasachallengeforthegroupofkansascitycollegestudents,"['swim', 'at', 'your', 'own', 'risk', 'was', 'taken', 'as', 'a', 'challenge', 'for', 'the', 'group', 'of', 'kansas', 'city', 'college', 'students']",swim at your own risk was taken as a challenge for the group of kansas city college students
209,wehavealotofraininjune,"['we', 'have', 'a', 'lot', 'of', 'rain', 'in', 'june']",we have a lot of rain in june
210,thefatherdiedduringchildbirth,"['the', 'father', 'died', 'during', 'childbirth']",the father died during childbirth
211,ironpyriteisthemostfoolishofallminerals,"['iron', 'pyrite', 'is', 'the', 'most', 'foolish', 'of', 'all', 'minerals']",iron pyrite is the most foolish of all minerals
212,peoplegenerallyapproveofdogseatingcatfoodbutnotcatseatingdogfood,"['people', 'generally', 'approve', 'of', 'dogs', 'eating', 'cat', 'food', 'but', 'not', 'cats', 'eating', 'dog', 'food']",people generally approve of dogs eating cat food but not cats eating dog food
213,heplayedthegameasifhislifedependedonitandthetruthwasthatitdid,"['he', 'played', 'the', 'game', 'as', 'if', 'his', 'life', 'depended', 'on', 'it', 'and', 'the', 'truth', 'was', 'that', 'it', 'did']",he played the game as if his life depended on it and the truth was that it did
214,thetricktogettingkidstoeatanythingistoputcatchuponit,"['the', 'trick', 'to', 'getting', 'kids', 'to', 'eat', 'anything', 'is', 'to', 'put', 'catchup', 'on', 'it']",the trick to getting kids to eat anything is to put catchup on it
215,thestrangerofficiatesthemeal,"['the', 'stranger', 'officiates', 'the', 'meal']",the stranger officiates the meal
216,separationanxietyiswhathappenswhenyoucantfindyourphone,"['separation', 'anxiety', 'is', 'what', 'happens', 'when', 'you', 'cant', 'find', 'your', 'phone']",separation anxiety is what happens when you cant find your phone
217,thevirushadpowersnoneofusknewexisted,"['the', 'virus', 'had', 'powers', 'none', 'of', 'us', 'knew', 'existed']",the virus had powers none of us knew existed
218,sheinsistedthatcleaningoutyourclosetwasthekeytogooddriving,"['she', 'insisted', 'that', 'cleaning', 'out', 'your', 'closet', 'was', 'the', 'key', 'to', 'good', 'driving']",she insisted that cleaning out your closet was the key to good driving
219,healwaysworehissunglassesatnight,"['he', 'always', 'wore', 'his', 'sunglasses', 'at', 'night']",he always wore his sunglasses at night
220,hedecidedwaterskiingonafrozenlakewasntagoodidea,"['he', 'decided', 'water', 'skiing', 'on', 'a', 'frozen', 'lake', 'wasnt', 'a', 'good', 'idea']",he decided water skiing on a frozen lake wasnt a good idea
221,hepouredrocksinthedungeonofhismind,"['he', 'poured', 'rocks', 'in', 'the', 'dungeon', 'of', 'his', 'mind']",he poured rocks in the dungeon of his mind
222,herdailygoalwastoimproveonyesterday,"['her', 'daily', 'goal', 'was', 'to', 'improve', 'on', 'yesterday']",her daily goal was to improve on yesterday
223,patorderedaghostpepperpie,"['pat', 'ordered', 'a', 'ghost', 'pepper', 'pie']",pat ordered a ghost pepper pie
224,heisgoodateatingpicklesandtellingwomenabouthisemotionalproblems,"['he', 'is', 'good', 'at', 'eating', 'pickles', 'and', 'telling', 'women', 'about', 'his', 'emotional', 'problems']",he is good at eating pickles and telling women about his emotional problems
225,thebestpartofmarriageisanimalcrackerswithpeanutbutter,"['the', 'best', 'part', 'of', 'marriage', 'is', 'animal', 'crackers', 'with', 'peanut', 'butter']",the best part of marriage is animal crackers with peanut butter
226,cursivewritingisthebestwaytobuildaracetrack,"['cursive', 'writing', 'is', 'the', 'best', 'way', 'to', 'build', 'a', 'race', 'track']",cursive writing is the best way to build a race track
227,jennymadetheannouncementthatherbabywasanalien,"['jenny', 'made', 'the', 'announcement', 'that', 'her', 'baby', 'was', 'an', 'alien']",jenny made the announcement that her baby was an alien
228,someoneiknowrecentlycombinedmaplesyrupbutteredpopcornthinkingitwouldtastelikecaramelpopcornitdidntandtheydontrecommendanyoneelsedoiteither,"['someone', 'i', 'know', 'recently', 'combined', 'maple', 'syrup', 'buttered', 'popcorn', 'thinking', 'it', 'would', 'taste', 'like', 'caramel', 'popcorn', 'it', 'didnt', 'and', 'they', 'dont', 'recommend', 'anyone', 'else', 'do', 'it', 'either']",someone i know recently combined maple syrup  buttered popcorn thinking it would taste like caramel popcorn it didnt and they dont recommend anyone else do it either
229,everybodyshouldreadchaucertoimprovetheireverydayvocabulary,"['everybody', 'should', 'read', 'chaucer', 'to', 'improve', 'their', 'everyday', 'vocabulary']",everybody should read chaucer to improve their everyday vocabulary
230,wehaveyoungkidswhooftenwalkintoourroomatnightforvariousreasonsincludingclownsinthecloset,"['we', 'have', 'young', 'kids', 'who', 'often', 'walk', 'into', 'our', 'room', 'at', 'night', 'for', 'various', 'reasons', 'including', 'clowns', 'in', 'the', 'closet']",we have young kids who often walk into our room at night for various reasons including clowns in the closet
231,dontpissinmygardenandtellmeyouretryingtohelpmyplantsgrow,"['dont', 'piss', 'in', 'my', 'garden', 'and', 'tell', 'me', 'youre', 'trying', 'to', 'help', 'my', 'plants', 'grow']",dont piss in my garden and tell me youre trying to help my plants grow
232,mostsharkattacksoccuraboutfeetfromthebeachsincethatswherethepeopleare,"['most', 'shark', 'attacks', 'occur', 'about', 'feet', 'from', 'the', 'beach', 'since', 'thats', 'where', 'the', 'people', 'are']",most shark attacks occur about  feet from the beach since thats where the people are
233,theirargumentcouldbeheardacrosstheparkinglot,"['their', 'argument', 'could', 'be', 'heard', 'across', 'the', 'parking', 'lot']",their argument could be heard across the parking lot
234,marthacametotheconclusionthatshakeweightsareagreatgiftforanyoccasion,"['martha', 'came', 'to', 'the', 'conclusion', 'that', 'shake', 'weights', 'are', 'a', 'great', 'gift', 'for', 'any', 'occasion']",martha came to the conclusion that shake weights are a great gift for any occasion
235,sheopenedupherthirdbottleofwineofthenight,"['she', 'opened', 'up', 'her', 'third', 'bottle', 'of', 'wine', 'of', 'the', 'night']",she opened up her third bottle of wine of the night
236,iwanttobuyaonesiebutknowitwontsuitme,"['i', 'want', 'to', 'buy', 'a', 'onesie', 'but', 'know', 'it', 'wont', 'suit', 'me']",i want to buy a onesie but know it wont suit me
237,bluesoundedtoocoldatthetimeandyetitseemedtoworkforgin,"['blue', 'sounded', 'too', 'cold', 'at', 'the', 'time', 'and', 'yet', 'it', 'seemed', 'to', 'work', 'for', 'gin']",blue sounded too cold at the time and yet it seemed to work for gin
238,icheckedtomakesurethathewasstillalive,"['i', 'checked', 'to', 'make', 'sure', 'that', 'he', 'was', 'still', 'alive']",i checked to make sure that he was still alive
239,toddlersfeedingraccoonssurprisedeventheseasonedparkranger,"['toddlers', 'feeding', 'raccoons', 'surprised', 'even', 'the', 'seasoned', 'park', 'ranger']",toddlers feeding raccoons surprised even the seasoned park ranger
240,henrycouldntdecideifhewasanautomechanicorapriest,"['henry', 'couldnt', 'decide', 'if', 'he', 'was', 'an', 'auto', 'mechanic', 'or', 'a', 'priest']",henry couldnt decide if he was an auto mechanic or a priest
241,everymanagershouldbeabletoreciteatleasttennurseryrhymesbackward,"['every', 'manager', 'should', 'be', 'able', 'to', 'recite', 'at', 'least', 'ten', 'nursery', 'rhymes', 'backward']",every manager should be able to recite at least ten nursery rhymes backward
242,shelookedatthemasterpiecehanginginthemuseumbutallshecouldthinkisthatherfiveyearoldcoulddobetter,"['she', 'looked', 'at', 'the', 'masterpiece', 'hanging', 'in', 'the', 'museum', 'but', 'all', 'she', 'could', 'think', 'is', 'that', 'her', 'five', 'year', 'old', 'could', 'do', 'better']",she looked at the masterpiece hanging in the museum but all she could think is that her five year old could do better
243,davidsubscribestothestuffyourtentintothebagstrategyovernicelyfoldingit,"['david', 'subscribes', 'to', 'the', 'stuff', 'your', 'tent', 'into', 'the', 'bag', 'strategy', 'over', 'nicely', 'folding', 'it']",david subscribes to the stuff your tent into the bag strategy over nicely folding it
244,iwouldbedelightediftheseawerefullofcucumberjuice,"['i', 'would', 'be', 'delighted', 'if', 'the', 'sea', 'were', 'full', 'of', 'cucumber', 'juice']",i would be delighted if the sea were full of cucumber juice
245,standingononesheadatjobinterviewsformsalastingimpression,"['standing', 'on', 'ones', 'head', 'at', 'job', 'interviews', 'forms', 'a', 'lasting', 'impression']",standing on ones head at job interviews forms a lasting impression
246,tomgotasmallpieceofpie,"['tom', 'got', 'a', 'small', 'piece', 'of', 'pie']",tom got a small piece of pie
247,hewouldonlysurviveifhekeptthefiregoingandhecouldhearthunderinthedistance,"['he', 'would', 'only', 'survive', 'if', 'he', 'kept', 'the', 'fire', 'going', 'and', 'he', 'could', 'hear', 'thunder', 'in', 'the', 'distance']",he would only survive if he kept the fire going and he could hear thunder in the distance
248,thetortoisejumpedintothelakewithdreamsofbecomingaseaturtle,"['the', 'tortoise', 'jumped', 'into', 'the', 'lake', 'with', 'dreams', 'of', 'becoming', 'a', 'sea', 'turtle']",the tortoise jumped into the lake with dreams of becoming a sea turtle
249,nothingisascautiouslycuddlyasapetporcupine,"['nothing', 'is', 'as', 'cautiously', 'cuddly', 'as', 'a', 'pet', 'porcupine']",nothing is as cautiously cuddly as a pet porcupine
250,wehavealotofraininjune,"['we', 'have', 'a', 'lot', 'of', 'rain', 'in', 'june']",we have a lot of rain in june
251,thedoorswungopentorevealpinkgiraffesandredelephants,"['the', 'door', 'swung', 'open', 'to', 'reveal', 'pink', 'giraffes', 'and', 'red', 'elephants']",the door swung open to reveal pink giraffes and red elephants
252,jeannewishedshehaschosentheredbutton,"['jeanne', 'wished', 'she', 'has', 'chosen', 'the', 'red', 'button']",jeanne wished she has chosen the red button
253,histhoughtprocesswasonsomanylevelsthathegavehimselfaphobiaofheights,"['his', 'thought', 'process', 'was', 'on', 'so', 'many', 'levels', 'that', 'he', 'gave', 'himself', 'a', 'phobia', 'of', 'heights']",his thought process was on so many levels that he gave himself a phobia of heights
254,iguanaswerefallingoutofthetrees,"['iguanas', 'were', 'falling', 'out', 'of', 'the', 'trees']",iguanas were falling out of the trees
255,hewasdisappointedwhenhefoundthebeachtobesosandyandthesunsosunny,"['he', 'was', 'disappointed', 'when', 'he', 'found', 'the', 'beach', 'to', 'be', 'so', 'sandy', 'and', 'the', 'sun', 'so', 'sunny']",he was disappointed when he found the beach to be so sandy and the sun so sunny
256,hewassurethedevilcreatedredsparklyglitter,"['he', 'was', 'sure', 'the', 'devil', 'created', 'red', 'sparkly', 'glitter']",he was sure the devil created red sparkly glitter
257,therewascoalinhisstockingandhewasthrilled,"['there', 'was', 'coal', 'in', 'his', 'stocking', 'and', 'he', 'was', 'thrilled']",there was coal in his stocking and he was thrilled
258,heisgoodateatingpicklesandtellingwomenabouthisemotionalproblems,"['he', 'is', 'good', 'at', 'eating', 'pickles', 'and', 'telling', 'women', 'about', 'his', 'emotional', 'problems']",he is good at eating pickles and telling women about his emotional problems
259,andylovedtosleeponabedofnails,"['andy', 'loved', 'to', 'sleep', 'on', 'a', 'bed', 'of', 'nails']",andy loved to sleep on a bed of nails
260,weshouldplaywithlegosatcamp,"['we', 'should', 'play', 'with', 'legos', 'at', 'camp']",we should play with legos at camp
261,shecanliveherlifehowevershewantsaslongasshelistenstowhatihavetosay,"['she', 'can', 'live', 'her', 'life', 'however', 'she', 'wants', 'as', 'long', 'as', 'she', 'listens', 'to', 'what', 'i', 'have', 'to', 'say']",she can live her life however she wants as long as she listens to what i have to say
262,thesuddenrainstormwashedcrocodilesintotheocean,"['the', 'sudden', 'rainstorm', 'washed', 'crocodiles', 'into', 'the', 'ocean']",the sudden rainstorm washed crocodiles into the ocean
263,heendedupburninghisfingerspokingsomeoneelsesfire,"['he', 'ended', 'up', 'burning', 'his', 'fingers', 'poking', 'someone', 'elses', 'fire']",he ended up burning his fingers poking someone elses fire
264,thenewlyplantedtreeswereheldupbywoodenframesinhopestheycouldsurvivethenextstorm,"['the', 'newly', 'planted', 'trees', 'were', 'held', 'up', 'by', 'wooden', 'frames', 'in', 'hopes', 'they', 'could', 'survive', 'the', 'next', 'storm']",the newly planted trees were held up by wooden frames in hopes they could survive the next storm
265,thefoxinthetophatwhisperedintotheearoftherabbit,"['the', 'fox', 'in', 'the', 'tophat', 'whispered', 'into', 'the', 'ear', 'of', 'the', 'rabbit']",the fox in the tophat whispered into the ear of the rabbit
266,theurgentcarecenterwasfloodedwithpatientsafterthenewsofanewdeadlyviruswasmadepublic,"['the', 'urgent', 'care', 'center', 'was', 'flooded', 'with', 'patients', 'after', 'the', 'news', 'of', 'a', 'new', 'deadly', 'virus', 'was', 'made', 'public']",the urgent care center was flooded with patients after the news of a new deadly virus was made public
267,heplayedthegameasifhislifedependedonitandthetruthwasthatitdid,"['he', 'played', 'the', 'game', 'as', 'if', 'his', 'life', 'depended', 'on', 'it', 'and', 'the', 'truth', 'was', 'that', 'it', 'did']",he played the game as if his life depended on it and the truth was that it did
268,icheckedtomakesurethathewasstillalive,"['i', 'checked', 'to', 'make', 'sure', 'that', 'he', 'was', 'still', 'alive']",i checked to make sure that he was still alive
269,shedidherbesttohelphim,"['she', 'did', 'her', 'best', 'to', 'help', 'him']",she did her best to help him
270,abstractionisoftenoneflooraboveyou,"['abstraction', 'is', 'often', 'one', 'floor', 'above', 'you']",abstraction is often one floor above you
271,hisconfidencewouldhavebeeadmirableifitwasntforhisstupidity,"['his', 'confidence', 'would', 'have', 'bee', 'admirable', 'if', 'it', 'wasnt', 'for', 'his', 'stupidity']",his confidence would have bee admirable if it wasnt for his stupidity
272,therearefewthingsbetterinlifethanasliceofpie,"['there', 'are', 'few', 'things', 'better', 'in', 'life', 'than', 'a', 'slice', 'of', 'pie']",there are few things better in life than a slice of pie
273,hehadahiddenstashunderneaththefloorboardsinthebackroomofthehouse,"['he', 'had', 'a', 'hidden', 'stash', 'underneath', 'the', 'floorboards', 'in', 'the', 'back', 'room', 'of', 'the', 'house']",he had a hidden stash underneath the floorboards in the back room of the house
274,purpleisthebestcityintheforest,"['purple', 'is', 'the', 'best', 'city', 'in', 'the', 'forest']",purple is the best city in the forest
275,shehadsomeamazingnewstosharebutnobodytoshareitwith,"['she', 'had', 'some', 'amazing', 'news', 'to', 'share', 'but', 'nobody', 'to', 'share', 'it', 'with']",she had some amazing news to share but nobody to share it with
276,theywereexcitedtoseetheirfirstsloth,"['they', 'were', 'excited', 'to', 'see', 'their', 'first', 'sloth']",they were excited to see their first sloth
277,dorisenjoyedtappinghernailsonthetabletoannoyeveryone,"['doris', 'enjoyed', 'tapping', 'her', 'nails', 'on', 'the', 'table', 'to', 'annoy', 'everyone']",doris enjoyed tapping her nails on the table to annoy everyone
278,letmehelpyouwithyourbaggage,"['let', 'me', 'help', 'you', 'with', 'your', 'baggage']",let me help you with your baggage
279,erinaccidentallycreatedanewuniverse,"['erin', 'accidentally', 'created', 'a', 'new', 'universe']",erin accidentally created a new universe
280,apurplepigandagreendonkeyflewakiteinthemiddleofthenightandendedupsunburnt,"['a', 'purple', 'pig', 'and', 'a', 'green', 'donkey', 'flew', 'a', 'kite', 'in', 'the', 'middle', 'of', 'the', 'night', 'and', 'ended', 'up', 'sunburnt']",a purple pig and a green donkey flew a kite in the middle of the night and ended up sunburnt
281,hehatedthathelovedwhatshehatedabouthate,"['he', 'hated', 'that', 'he', 'loved', 'what', 'she', 'hated', 'about', 'hate']",he hated that he loved what she hated about hate
282,asongcanmakeorruinapersonsdayiftheyletitgettothem,"['a', 'song', 'can', 'make', 'or', 'ruin', 'a', 'persons', 'day', 'if', 'they', 'let', 'it', 'get', 'to', 'them']",a song can make or ruin a persons day if they let it get to them
283,itwasaslipperyslopeandhewaswillingtoslideallthewaytothedeepestdepths,"['it', 'was', 'a', 'slippery', 'slope', 'and', 'he', 'was', 'willing', 'to', 'slide', 'all', 'the', 'way', 'to', 'the', 'deepest', 'depths']",it was a slippery slope and he was willing to slide all the way to the deepest depths
284,theviewfromthelighthouseexcitedeventhemostseasonedtraveler,"['the', 'view', 'from', 'the', 'lighthouse', 'excited', 'even', 'the', 'most', 'seasoned', 'traveler']",the view from the lighthouse excited even the most seasoned traveler
285,thewhitewaterraftingtripwassuddenlyhaltedbytheunexpectedbrickwall,"['the', 'white', 'water', 'rafting', 'trip', 'was', 'suddenly', 'halted', 'by', 'the', 'unexpected', 'brick', 'wall']",the white water rafting trip was suddenly halted by the unexpected brick wall
286,heappearedtobeconfusinglyperplexed,"['he', 'appeared', 'to', 'be', 'confusingly', 'perplexed']",he appeared to be confusingly perplexed
287,hewentbacktothevideotoseewhathadbeenrecordedandwasshockedatwhathesaw,"['he', 'went', 'back', 'to', 'the', 'video', 'to', 'see', 'what', 'had', 'been', 'recorded', 'and', 'was', 'shocked', 'at', 'what', 'he', 'saw']",he went back to the video to see what had been recorded and was shocked at what he saw
288,chocolatecoveredcricketswerehisfavoritesnack,"['chocolate', 'covered', 'crickets', 'were', 'his', 'favorite', 'snack']",chocolate covered crickets were his favorite snack
289,nancywasproudthatsheranatightshipwreck,"['nancy', 'was', 'proud', 'that', 'she', 'ran', 'a', 'tight', 'shipwreck']",nancy was proud that she ran a tight shipwreck
290,sheborrowedthebookfromhimmanyyearsagoandhasntyetreturnedit,"['she', 'borrowed', 'the', 'book', 'from', 'him', 'many', 'years', 'ago', 'and', 'hasnt', 'yet', 'returned', 'it']",she borrowed the book from him many years ago and hasnt yet returned it
291,thegruffoldmansatinthebackofthebaitshopgrumblingtohimselfashescoopedoutahandfulofworms,"['the', 'gruff', 'old', 'man', 'sat', 'in', 'the', 'back', 'of', 'the', 'bait', 'shop', 'grumbling', 'to', 'himself', 'as', 'he', 'scooped', 'out', 'a', 'handful', 'of', 'worms']",the gruff old man sat in the back of the bait shop grumbling to himself as he scooped out a handful of worms
292,gettingupatdawnisforthebirds,"['getting', 'up', 'at', 'dawn', 'is', 'for', 'the', 'birds']",getting up at dawn is for the birds
293,poisonivygrewthroughthefencetheysaidwasimpenetrable,"['poison', 'ivy', 'grew', 'through', 'the', 'fence', 'they', 'said', 'was', 'impenetrable']",poison ivy grew through the fence they said was impenetrable
294,thepigswereinsultedthattheywerenamedhamburgers,"['the', 'pigs', 'were', 'insulted', 'that', 'they', 'were', 'named', 'hamburgers']",the pigs were insulted that they were named hamburgers
295,sheopenedupherthirdbottleofwineofthenight,"['she', 'opened', 'up', 'her', 'third', 'bottle', 'of', 'wine', 'of', 'the', 'night']",she opened up her third bottle of wine of the night
296,hewaswillingtofindthedepthsoftherabbitholeinordertobewithher,"['he', 'was', 'willing', 'to', 'find', 'the', 'depths', 'of', 'the', 'rabbit', 'hole', 'in', 'order', 'to', 'be', 'with', 'her']",he was willing to find the depths of the rabbit hole in order to be with her
297,akangarooisreallyjustarabbitonsteroids,"['a', 'kangaroo', 'is', 'really', 'just', 'a', 'rabbit', 'on', 'steroids']",a kangaroo is really just a rabbit on steroids
298,dorisenjoyedtappinghernailsonthetabletoannoyeveryone,"['doris', 'enjoyed', 'tapping', 'her', 'nails', 'on', 'the', 'table', 'to', 'annoy', 'everyone']",doris enjoyed tapping her nails on the table to annoy everyone
299,therewascoalinhisstockingandhewasthrilled,"['there', 'was', 'coal', 'in', 'his', 'stocking', 'and', 'he', 'was', 'thrilled']",there was coal in his stocking and he was thrilled
300,jennymadetheannouncementthatherbabywasanalien,"['jenny', 'made', 'the', 'announcement', 'that', 'her', 'baby', 'was', 'an', 'alien']",jenny made the announcement that her baby was an alien
301,hewassurethedevilcreatedredsparklyglitter,"['he', 'was', 'sure', 'the', 'devil', 'created', 'red', 'sparkly', 'glitter']",he was sure the devil created red sparkly glitter
302,healwaysworehissunglassesatnight,"['he', 'always', 'wore', 'his', 'sunglasses', 'at', 'night']",he always wore his sunglasses at night
303,hedidntheedthewarningandithadturnedoutsurprisinglywell,"['he', 'didnt', 'heed', 'the', 'warning', 'and', 'it', 'had', 'turned', 'out', 'surprisingly', 'well']",he didnt heed the warning and it had turned out surprisingly well
304,weatherisnottrivialitsespeciallyimportantwhenyourestandinginit,"['weather', 'is', 'not', 'trivial', 'its', 'especially', 'important', 'when', 'youre', 'standing', 'in', 'it']",weather is not trivial   its especially important when youre standing in it
305,iguanaswerefallingoutofthetrees,"['iguanas', 'were', 'falling', 'out', 'of', 'the', 'trees']",iguanas were falling out of the trees
306,thetricktogettingkidstoeatanythingistoputcatchuponit,"['the', 'trick', 'to', 'getting', 'kids', 'to', 'eat', 'anything', 'is', 'to', 'put', 'catchup', 'on', 'it']",the trick to getting kids to eat anything is to put catchup on it
307,iwasveryproudofmynicknamethroughouthighschoolbuttodayicouldntbeanydifferenttowhatmynicknamewas,"['i', 'was', 'very', 'proud', 'of', 'my', 'nickname', 'throughout', 'high', 'school', 'but', 'today', 'i', 'couldnt', 'be', 'any', 'different', 'to', 'what', 'my', 'nickname', 'was']",i was very proud of my nickname throughout high school but today  i couldnt be any different to what my nickname was
308,charlesatethefrenchfriesknowingtheywouldbehislastmeal,"['charles', 'ate', 'the', 'french', 'fries', 'knowing', 'they', 'would', 'be', 'his', 'last', 'meal']",charles ate the french fries knowing they would be his last meal
309,shefinallyunderstoodthatgriefwasherlovewithnoplaceforittogo,"['she', 'finally', 'understood', 'that', 'grief', 'was', 'her', 'love', 'with', 'no', 'place', 'for', 'it', 'to', 'go']",she finally understood that grief was her love with no place for it to go
310,hewaitedforthestopsigntoturntoagosign,"['he', 'waited', 'for', 'the', 'stop', 'sign', 'to', 'turn', 'to', 'a', 'go', 'sign']",he waited for the stop sign to turn to a go sign
311,weshouldplaywithlegosatcamp,"['we', 'should', 'play', 'with', 'legos', 'at', 'camp']",we should play with legos at camp
312,whileonthefirstdateheaccidentallyhithisheadonthebeam,"['while', 'on', 'the', 'first', 'date', 'he', 'accidentally', 'hit', 'his', 'head', 'on', 'the', 'beam']",while on the first date he accidentally hit his head on the beam
313,hehatedthathelovedwhatshehatedabouthate,"['he', 'hated', 'that', 'he', 'loved', 'what', 'she', 'hated', 'about', 'hate']",he hated that he loved what she hated about hate
314,billranfromthegiraffetowardthedolphin,"['bill', 'ran', 'from', 'the', 'giraffe', 'toward', 'the', 'dolphin']",bill ran from the giraffe toward the dolphin
315,danatethecloudslikecottoncandy,"['dan', 'ate', 'the', 'clouds', 'like', 'cotton', 'candy']",dan ate the clouds like cotton candy
316,myunclesfavoritepastimewasbuildingcarsoutofnoodles,"['my', 'uncles', 'favorite', 'pastime', 'was', 'building', 'cars', 'out', 'of', 'noodles']",my uncles favorite pastime was building cars out of noodles
317,thebookisinfrontofthetable,"['the', 'book', 'is', 'in', 'front', 'of', 'the', 'table']",the book is in front of the table
318,itdidntmakesenseunlessyouhadthepowertoeatcolors,"['it', 'didnt', 'make', 'sense', 'unless', 'you', 'had', 'the', 'power', 'to', 'eat', 'colors']",it didnt make sense unless you had the power to eat colors
319,tuesdaysarefreeifyoubringagnomecostume,"['tuesdays', 'are', 'free', 'if', 'you', 'bring', 'a', 'gnome', 'costume']",tuesdays are free if you bring a gnome costume
320,sometimesyouhavetojustgiveupandwinbycheating,"['sometimes', 'you', 'have', 'to', 'just', 'give', 'up', 'and', 'win', 'by', 'cheating']",sometimes you have to just give up and win by cheating
321,theminuteshelandedsheunderstoodthereasonthiswasaflyoverstate,"['the', 'minute', 'she', 'landed', 'she', 'understood', 'the', 'reason', 'this', 'was', 'a', 'fly', 'over', 'state']",the minute she landed she understood the reason this was a fly over state
322,shedidherbesttohelphim,"['she', 'did', 'her', 'best', 'to', 'help', 'him']",she did her best to help him
323,atthatmomentsherealizedshehadasixthsense,"['at', 'that', 'moment', 'she', 'realized', 'she', 'had', 'a', 'sixth', 'sense']",at that moment she realized she had a sixth sense
324,shehadadifficulttimeowninguptoherowncrazyself,"['she', 'had', 'a', 'difficult', 'time', 'owning', 'up', 'to', 'her', 'own', 'crazy', 'self']",she had a difficult time owning up to her own crazy self
325,beachcombingreplacedwinetastingashisnewobsession,"['beach', 'combing', 'replaced', 'wine', 'tasting', 'as', 'his', 'new', 'obsession']",beach combing replaced wine tasting as his new obsession
326,thekniveswereoutandshewassharpeninghers,"['the', 'knives', 'were', 'out', 'and', 'she', 'was', 'sharpening', 'hers']",the knives were out and she was sharpening hers
327,ittookhimamonthtofinishthemeal,"['it', 'took', 'him', 'a', 'month', 'to', 'finish', 'the', 'meal']",it took him a month to finish the meal
328,standingononesheadatjobinterviewsformsalastingimpression,"['standing', 'on', 'ones', 'head', 'at', 'job', 'interviews', 'forms', 'a', 'lasting', 'impression']",standing on ones head at job interviews forms a lasting impression
329,heplayedthegameasifhislifedependedonitandthetruthwasthatitdid,"['he', 'played', 'the', 'game', 'as', 'if', 'his', 'life', 'depended', 'on', 'it', 'and', 'the', 'truth', 'was', 'that', 'it', 'did']",he played the game as if his life depended on it and the truth was that it did
330,todayidressedmyunicorninpreparationfortherace,"['today', 'i', 'dressed', 'my', 'unicorn', 'in', 'preparation', 'for', 'the', 'race']",today i dressed my unicorn in preparation for the race
331,hewasntbitterthatshehadmovedonbutfromtheradish,"['he', 'wasnt', 'bitter', 'that', 'she', 'had', 'moved', 'on', 'but', 'from', 'the', 'radish']",he wasnt bitter that she had moved on but from the radish
332,sheopenedupherthirdbottleofwineofthenight,"['she', 'opened', 'up', 'her', 'third', 'bottle', 'of', 'wine', 'of', 'the', 'night']",she opened up her third bottle of wine of the night
333,rockmusicapproachesathighvelocity,"['rock', 'music', 'approaches', 'at', 'high', 'velocity']",rock music approaches at high velocity
334,thesharkinfestedsouthpinechannelwastheonlywayinorout,"['the', 'shark', 'infested', 'south', 'pine', 'channel', 'was', 'the', 'only', 'way', 'in', 'or', 'out']",the shark infested south pine channel was the only way in or out
335,thefishlistenedintentlytowhatthefrogshadtosay,"['the', 'fish', 'listened', 'intently', 'to', 'what', 'the', 'frogs', 'had', 'to', 'say']",the fish listened intently to what the frogs had to say
336,billranfromthegiraffetowardthedolphin,"['bill', 'ran', 'from', 'the', 'giraffe', 'toward', 'the', 'dolphin']",bill ran from the giraffe toward the dolphin
337,therewascoalinhisstockingandhewasthrilled,"['there', 'was', 'coal', 'in', 'his', 'stocking', 'and', 'he', 'was', 'thrilled']",there was coal in his stocking and he was thrilled
338,shakespearewasafamousthcenturydieselmechanic,"['shakespeare', 'was', 'a', 'famous', 'th', 'century', 'diesel', 'mechanic']",shakespeare was a famous th century diesel mechanic
339,themurderhornetwasdisappointedbythepreconceivedideaspeoplehadofhim,"['the', 'murder', 'hornet', 'was', 'disappointed', 'by', 'the', 'preconceived', 'ideas', 'people', 'had', 'of', 'him']",the murder hornet was disappointed by the preconceived ideas people had of him
340,grapejellywasleakingouttheholeintheroof,"['grape', 'jelly', 'was', 'leaking', 'out', 'the', 'hole', 'in', 'the', 'roof']",grape jelly was leaking out the hole in the roof
341,danatethecloudslikecottoncandy,"['dan', 'ate', 'the', 'clouds', 'like', 'cotton', 'candy']",dan ate the clouds like cotton candy
342,thefogwassodenseevenalaserdecideditwasntworththeeffort,"['the', 'fog', 'was', 'so', 'dense', 'even', 'a', 'laser', 'decided', 'it', 'wasnt', 'worth', 'the', 'effort']",the fog was so dense even a laser decided it wasnt worth the effort
343,itwasatthatmomentthathelearnedtherearecertainpartsofthebodythatyoushouldnevernair,"['it', 'was', 'at', 'that', 'moment', 'that', 'he', 'learned', 'there', 'are', 'certain', 'parts', 'of', 'the', 'body', 'that', 'you', 'should', 'never', 'nair']",it was at that moment that he learned there are certain parts of the body that you should never nair
344,hefeltthatdiningonthebridgebroughtromancetohisrelationshipwithhiscat,"['he', 'felt', 'that', 'dining', 'on', 'the', 'bridge', 'brought', 'romance', 'to', 'his', 'relationship', 'with', 'his', 'cat']",he felt that dining on the bridge brought romance to his relationship with his cat
345,therearenoheroesinapunkrockband,"['there', 'are', 'no', 'heroes', 'in', 'a', 'punk', 'rock', 'band']",there are no heroes in a punk rock band
346,ifyouliketunaandtomatosaucetrycombiningthetwoitsreallynotasbadasitsounds,"['if', 'you', 'like', 'tuna', 'and', 'tomato', 'sauce', 'try', 'combining', 'the', 'two', 'its', 'really', 'not', 'as', 'bad', 'as', 'it', 'sounds']",if you like tuna and tomato sauce  try combining the two its really not as bad as it sounds
347,thesuddenrainstormwashedcrocodilesintotheocean,"['the', 'sudden', 'rainstorm', 'washed', 'crocodiles', 'into', 'the', 'ocean']",the sudden rainstorm washed crocodiles into the ocean
348,shefoldedherhandkerchiefneatly,"['she', 'folded', 'her', 'handkerchief', 'neatly']",she folded her handkerchief neatly
349,hefoundtheendoftherainbowandwassurprisedatwhathefoundthere,"['he', 'found', 'the', 'end', 'of', 'the', 'rainbow', 'and', 'was', 'surprised', 'at', 'what', 'he', 'found', 'there']",he found the end of the rainbow and was surprised at what he found there
350,pairyourdesignercowboyhatwithscubagearforamemorableoccasion,"['pair', 'your', 'designer', 'cowboy', 'hat', 'with', 'scuba', 'gear', 'for', 'a', 'memorable', 'occasion']",pair your designer cowboy hat with scuba gear for a memorable occasion
351,hewasanintrovertthatextrovertsseemedtolove,"['he', 'was', 'an', 'introvert', 'that', 'extroverts', 'seemed', 'to', 'love']",he was an introvert that extroverts seemed to love
352,apurplepigandagreendonkeyflewakiteinthemiddleofthenightandendedupsunburnt,"['a', 'purple', 'pig', 'and', 'a', 'green', 'donkey', 'flew', 'a', 'kite', 'in', 'the', 'middle', 'of', 'the', 'night', 'and', 'ended', 'up', 'sunburnt']",a purple pig and a green donkey flew a kite in the middle of the night and ended up sunburnt
353,heusesonomatopoeiaasaweaponofmentaldestruction,"['he', 'uses', 'onomatopoeia', 'as', 'a', 'weapon', 'of', 'mental', 'destruction']",he uses onomatopoeia as a weapon of mental destruction
354,notallpeoplewhowanderarelost,"['not', 'all', 'people', 'who', 'wander', 'are', 'lost']",not all people who wander are lost
355,jeannewishedshehaschosentheredbutton,"['jeanne', 'wished', 'she', 'has', 'chosen', 'the', 'red', 'button']",jeanne wished she has chosen the red button
356,twoseatswerevacant,"['two', 'seats', 'were', 'vacant']",two seats were vacant
357,hehadaccidentallyhackedintohiscompanysserver,"['he', 'had', 'accidentally', 'hacked', 'into', 'his', 'companys', 'server']",he had accidentally hacked into his companys server
358,sometimesitisbettertojustwalkawayfromthingsandgobacktothemlaterwhenyoureinabetterframeofmind,"['sometimes', 'it', 'is', 'better', 'to', 'just', 'walk', 'away', 'from', 'things', 'and', 'go', 'back', 'to', 'them', 'later', 'when', 'youre', 'in', 'a', 'better', 'frame', 'of', 'mind']",sometimes it is better to just walk away from things and go back to them later when youre in a better frame of mind
359,shewastoobusyalwaystalkingaboutwhatshewantedtodotoactuallydoanyofit,"['she', 'was', 'too', 'busy', 'always', 'talking', 'about', 'what', 'she', 'wanted', 'to', 'do', 'to', 'actually', 'do', 'any', 'of', 'it']",she was too busy always talking about what she wanted to do to actually do any of it
360,davidsubscribestothestuffyourtentintothebagstrategyovernicelyfoldingit,"['david', 'subscribes', 'to', 'the', 'stuff', 'your', 'tent', 'into', 'the', 'bag', 'strategy', 'over', 'nicely', 'folding', 'it']",david subscribes to the stuff your tent into the bag strategy over nicely folding it
361,theneardeathexperiencebroughtnewideastolight,"['the', 'near', 'death', 'experience', 'brought', 'new', 'ideas', 'to', 'light']",the near death experience brought new ideas to light
362,everymanagershouldbeabletoreciteatleasttennurseryrhymesbackward,"['every', 'manager', 'should', 'be', 'able', 'to', 'recite', 'at', 'least', 'ten', 'nursery', 'rhymes', 'backward']",every manager should be able to recite at least ten nursery rhymes backward
363,imworkingonasweetpotatofarm,"['im', 'working', 'on', 'a', 'sweet', 'potato', 'farm']",im working on a sweet potato farm
